UserID,Total_Events,Total_Views,Total_AddToCart,Total_Purchases,Avg_Amount,Conversion_Rate
1,82,14,23,8,249.51609748406477,0.2162161577794168
2,73,4,18,13,205.8887477197223,0.5909088223141716
3,64,10,11,6,252.11656539839615,0.28571414965992875
4,83,9,14,9,258.09181757475244,0.3913041776938358
5,84,14,13,7,312.7594779072613,0.25925916323734693
6,83,8,7,16,190.21721181835892,1.0666659555560296
7,76,10,9,12,260.88156591563387,0.6315786149586237
8,70,13,10,12,241.08540375764449,0.5217389035917811
9,82,12,8,16,262.19443479730194,0.7999996000002
10,81,10,7,18,198.1852549961404,1.058822906574761
11,85,14,12,9,135.25053005542927,0.3461537130178027
12,80,10,13,12,169.1351617137832,0.5217389035917811
13,67,11,13,12,293.0302039685903,0.49999979166675346
14,87,10,16,8,280.13445707466855,0.30769218934915793
15,71,11,9,12,266.2528608384145,0.59999970000015
16,77,10,11,9,292.8231694122277,0.4285712244898931
17,75,16,14,13,203.39694911367258,0.433333188888937
18,79,10,12,10,249.90719362296105,0.4545452479339782
19,64,9,5,11,301.64069313800985,0.7857137244901968
20,76,17,10,8,279.2789473295407,0.29629618655696793
21,78,11,14,5,354.02618555920316,0.199999920000032
22,72,13,6,5,244.36922712212726,0.2631577562327599
23,75,12,12,10,287.0409900728072,0.4166664930556279
24,74,8,11,11,268.82116382072405,0.5789470637120717
25,71,9,13,14,195.7239883167887,0.6363633471075695
26,76,18,10,11,293.83520715946287,0.39285700255107053
27,70,8,9,12,208.1153006800539,0.7058819377165072
28,79,14,8,17,269.53624987805057,0.772726921487763
29,77,9,14,12,282.48413772836005,0.5217389035917811
30,80,14,10,9,222.7394275646953,0.3749998437500651
31,73,9,13,7,314.18438730486776,0.31818167355378474
32,80,19,16,13,249.82562438504152,0.37142846530615276
33,74,8,15,9,256.9631330829747,0.3913041776938358
34,72,14,15,6,233.99235384023734,0.20689648038052402
35,77,12,7,13,259.0916193211187,0.6842101662051757
36,81,11,12,9,217.29278110499178,0.3913041776938358
37,74,18,6,9,271.4927170392168,0.3749998437500651
38,80,11,15,10,231.72021206372727,0.3846152366864474
39,77,8,15,14,239.03589019012557,0.6086953875237445
40,73,9,12,12,232.11853031540173,0.5714282993198575
41,70,11,9,6,277.62794282796057,0.299999850000075
42,71,9,10,9,215.59954325923894,0.4736839612189678
43,66,7,9,11,274.8592679657617,0.6874995703127685
44,81,10,14,5,300.09785081358973,0.20833324652781396
45,74,5,14,14,292.44757124071856,0.7368417174517277
46,72,13,10,9,343.91987742943525,0.3913041776938358
47,68,11,7,8,204.1407505517626,0.4444441975310014
48,75,4,11,11,221.8918061352014,0.7333328444447704
49,67,12,9,7,208.48291984229078,0.3333331746032502
50,75,15,6,14,247.88936972193414,0.6666663492065004
51,82,13,15,8,229.1985354622763,0.2857141836735058
52,79,9,12,10,187.75465040699765,0.4761902494332146
53,78,13,14,16,249.0147364152226,0.5925923731139359
54,85,14,6,16,134.58527664648108,0.7999996000002
55,76,11,15,7,204.4948216115766,0.2692306656805132
56,74,11,9,8,261.4244555932316,0.3999998000001
57,69,14,16,12,280.69810298868015,0.3999998666667111
58,66,12,8,7,222.1463407335808,0.3499998250000875
59,71,12,10,11,275.57325411100436,0.49999977272737606
60,80,16,12,8,212.64617735586424,0.2857141836735058
61,62,9,4,10,301.56869613465017,0.7692301775152481
62,80,19,12,9,231.37620591687696,0.29032248699274615
63,71,7,13,9,257.8488851808363,0.4499997750001125
64,76,13,12,12,322.1821135862488,0.4799998080000768
65,85,19,8,14,206.86385215272958,0.5185183264746939
66,75,10,11,10,290.92735543314274,0.4761902494332146
67,76,11,9,12,214.6440475319649,0.59999970000015
68,80,13,11,9,260.40371851279656,0.3749998437500651
69,68,5,11,11,260.74359747467315,0.6874995703127685
70,80,10,14,12,309.8552854856695,0.49999979166675346
71,77,10,10,11,266.0580088047381,0.5499997250001375
72,75,16,12,7,201.28251812086782,0.2499999107143176
73,71,11,14,6,140.2242667208692,0.2399999040000384
74,63,8,11,11,304.1410293228735,0.5789470637120717
75,67,11,12,9,279.32214344245506,0.3913041776938358
76,77,13,15,8,245.29637842293153,0.2857141836735058
77,74,14,7,11,235.53587754895642,0.523809274376536
78,71,12,9,9,259.06308651011625,0.4285712244898931
79,77,7,9,12,179.57469728132517,0.749999531250293
80,65,6,8,13,204.52880636984875,0.9285707653065962
81,71,13,13,8,295.3153660277184,0.30769218934915793
82,75,11,17,8,303.22918849182565,0.2857141836735058
83,75,6,19,7,268.97639392163967,0.2799998880000448
84,77,9,9,11,308.72505303179116,0.611110771605127
85,76,13,14,11,311.7187418258013,0.40740725651583093
86,71,14,8,12,270.5839991141259,0.5454542975207739
87,74,10,11,12,174.2045072851131,0.5714282993198575
88,69,6,8,18,162.59476370715734,1.285713367347595
89,68,13,5,10,249.25599283654637,0.5555552469137517
90,70,13,10,11,259.88481851787776,0.4782606616257993
91,86,13,14,18,241.8997024255833,0.6666664197531779
92,76,10,12,7,243.5300854458537,0.31818167355378474
93,71,11,12,12,203.71674465973715,0.5217389035917811
94,76,10,12,16,225.399394869682,0.7272723966943652
95,70,18,4,6,218.53560207345808,0.27272714876038695
96,69,6,7,10,248.78235948619937,0.7692301775152481
97,86,10,15,7,294.70831664264506,0.2799998880000448
98,78,6,19,10,283.3208215235812,0.399999840000064
99,70,10,6,9,257.31427262710196,0.5624996484377197
100,76,16,9,15,239.43426387089957,0.599999760000096
101,76,9,10,15,203.8197670418012,0.7894732686982796
102,74,8,5,12,248.6880503977459,0.9230762130182977
103,77,12,19,10,295.40058961514603,0.3225805411030513
104,74,11,20,9,178.5432515629229,0.29032248699274615
105,81,13,10,9,276.57264327262203,0.3913041776938358
106,85,9,13,11,267.727342305782,0.49999977272737606
107,75,14,3,11,192.47465299601055,0.6470584429067983
108,76,14,16,8,242.9762241561642,0.2666665777778074
109,79,11,13,11,251.83499056015683,0.4583331423611907
110,74,11,8,10,211.95259722318252,0.5263155124655198
111,78,10,8,13,249.48321807466743,0.7222218209878772
112,75,9,8,8,236.6361941282142,0.4705879584776715
113,82,15,12,16,246.70093435321388,0.5925923731139359
114,80,11,15,12,208.9860969747194,0.4615382840237369
115,72,12,8,9,282.6132434125145,0.4499997750001125
116,80,12,20,10,265.65877648987293,0.3124999023437805
117,80,13,11,9,291.48385556991457,0.3749998437500651
118,76,11,9,10,251.66167898681798,0.49999975000012503
119,81,12,13,15,156.08796415133574,0.599999760000096
120,81,13,10,9,249.58346610670307,0.3913041776938358
121,73,10,14,11,296.5756944547867,0.4583331423611907
122,78,8,10,8,234.4333276727343,0.4444441975310014
123,73,10,8,13,229.99752304806555,0.7222218209878772
124,73,7,11,6,241.07812370475725,0.33333314814825105
125,76,10,9,9,289.04117865816426,0.4736839612189678
126,79,10,12,14,285.01070503175504,0.6363633471075695
127,74,12,12,13,187.32004769145,0.5416664409723163
128,70,5,10,17,227.47670092428203,1.1333325777782814
129,68,9,9,9,140.7579311156923,0.49999972222237654
130,72,7,10,14,227.25133659507105,0.8235289273359251
131,73,13,5,7,271.47578590450524,0.3888886728396262
132,83,14,16,10,261.69521315087013,0.33333322222225925
133,68,5,7,9,254.3142021746833,0.7499993750005208
134,77,8,12,11,201.4621676353244,0.5499997250001375
135,73,10,11,11,219.04428566797688,0.523809274376536
136,74,11,9,14,243.8771932189939,0.699999650000175
137,77,9,6,16,192.33732628303434,1.0666659555560296
138,69,10,8,12,202.82359898244087,0.6666662962965021
139,77,10,15,10,209.09599933431818,0.399999840000064
140,78,17,8,10,309.95972901038004,0.399999840000064
141,71,9,8,10,237.40341146679597,0.5882349480970893
142,73,8,12,10,194.15421478502927,0.49999975000012503
143,75,8,11,8,185.82911210172108,0.42105240997241583
144,80,12,12,10,178.28779256821076,0.4166664930556279
145,73,8,6,8,210.86768025234676,0.5714281632655976
146,71,7,11,11,185.247442159075,0.611110771605127
147,76,12,4,13,192.58748789351256,0.8124994921878174
148,73,10,7,13,266.8755037772916,0.7647054325262161
149,72,7,10,9,243.83247176308961,0.5294114532873805
150,69,5,8,14,281.90070824703736,1.0769222485213472
151,70,7,10,6,299.85686173563806,0.3529409688582536
152,66,14,10,7,176.4837966754119,0.2916665451389395
153,61,3,13,8,364.40999160841113,0.4999996875001953
154,78,12,18,13,305.22336474508813,0.433333188888937
155,80,14,13,10,286.3755658583454,0.37037023319620993
156,69,4,10,10,173.76649907081213,0.7142852040819971
157,76,11,15,7,174.23438561040876,0.2692306656805132
158,70,10,11,11,313.1428191060595,0.523809274376536
159,69,9,11,8,262.6189011623026,0.3999998000001
160,66,8,8,8,306.66540852762154,0.4999996875001953
161,67,12,9,14,239.3135339367688,0.6666663492065004
162,77,11,7,12,292.5954103852237,0.6666662962965021
163,75,9,8,12,252.1439850887342,0.7058819377165072
164,80,15,10,5,292.4142061263058,0.199999920000032
165,75,8,8,14,191.33455137352024,0.8749994531253418
166,72,8,12,12,221.90098790173928,0.59999970000015
167,80,11,14,8,185.37884883928078,0.3199998720000512
168,65,8,11,9,247.2342403628097,0.4736839612189678
169,68,11,7,8,150.0049573846365,0.4444441975310014
170,86,10,16,15,262.1784368928706,0.5769228550296711
171,78,8,11,10,242.08111132538562,0.5263155124655198
172,88,10,10,14,193.16315538932986,0.699999650000175
173,81,8,12,11,236.1432068008281,0.5499997250001375
174,72,8,9,8,276.43374216699135,0.4705879584776715
175,71,7,14,10,328.92650194062486,0.4761902494332146
176,74,11,13,12,289.5210265268856,0.49999979166675346
177,74,14,5,9,274.70911231654344,0.4736839612189678
178,71,4,10,18,223.4829038820096,1.285713367347595
179,85,16,13,13,308.44226324056604,0.4482757074911354
180,67,11,11,14,255.58838932938013,0.6363633471075695
181,86,14,9,13,261.7894041791566,0.5652171455577628
182,75,14,11,10,266.78021339932627,0.399999840000064
183,79,8,9,15,288.72059829633105,0.882352422145634
184,73,13,11,13,277.31385914614816,0.5416664409723163
185,90,9,12,9,229.88205628352034,0.4285712244898931
186,79,11,7,12,231.17246209968206,0.6666662962965021
187,73,8,5,11,211.71994561894016,0.8461531952667729
188,70,12,11,8,208.6070724755427,0.34782593572785403
189,78,15,10,14,249.38856374126698,0.5599997760000897
190,73,11,14,7,248.39084556808248,0.2799998880000448
191,74,11,13,10,299.1921399980789,0.4166664930556279
192,78,12,15,9,238.43783754695076,0.33333320987658893
193,72,10,13,11,255.6724991237611,0.4782606616257993
194,75,5,8,13,228.51218461976134,0.9999992307698226
195,82,11,15,11,253.50357743921785,0.4230767603550922
196,81,11,13,9,360.99504027925536,0.3749998437500651
197,73,7,11,10,329.6207637291009,0.5555552469137517
198,71,8,8,12,293.02885119629303,0.749999531250293
199,77,10,10,6,280.1619631669793,0.299999850000075
200,75,14,7,8,272.08576240391557,0.38095219954657167
201,78,12,14,10,269.86378000114985,0.3846152366864474
202,75,13,7,7,208.797639038558,0.3499998250000875
203,71,11,6,8,237.28453382368684,0.4705879584776715
204,63,12,9,10,297.8526323514181,0.4761902494332146
205,72,13,18,10,380.1995145617109,0.3225805411030513
206,73,7,16,13,234.791324550672,0.5652171455577628
207,71,9,5,13,300.29797253717413,0.9285707653065962
208,72,11,13,7,239.2348108650609,0.2916665451389395
209,72,10,10,9,292.8861333104335,0.4499997750001125
210,69,7,9,13,265.0201338523741,0.8124994921878174
211,69,4,10,10,345.40152545232513,0.7142852040819971
212,76,12,12,15,218.45380040766773,0.6249997395834419
213,75,15,13,11,181.14640237900613,0.39285700255107053
214,81,9,13,16,279.1500171736983,0.7272723966943652
215,77,13,6,16,252.29258460499204,0.8421048199448317
216,75,11,7,14,300.98366921681844,0.7777773456792524
217,74,7,11,9,200.96131316955785,0.49999972222237654
218,68,12,8,7,269.15083896315133,0.3499998250000875
219,75,7,8,15,295.16358540852536,0.9999993333337778
220,80,14,5,17,211.9646274840224,0.8947363711913836
221,76,12,9,15,245.3499127798258,0.7142853741498219
222,71,14,10,11,280.5778369167276,0.4583331423611907
223,85,12,11,11,178.30876555792779,0.4782606616257993
224,80,4,17,15,315.20458083367464,0.7142853741498219
225,83,12,11,11,194.843993137645,0.4782606616257993
226,75,6,16,5,438.94821719815354,0.2272726239669891
227,73,9,9,9,225.64244768934088,0.49999972222237654
228,72,15,9,9,220.26910415085322,0.3749998437500651
229,70,11,9,9,214.20663104595025,0.4499997750001125
230,71,10,10,4,296.66207718140487,0.19999990000005
231,73,11,9,10,231.45215453646273,0.49999975000012503
232,75,12,14,9,178.02180520240984,0.3461537130178027
233,76,12,7,9,272.9609114036906,0.4736839612189678
234,81,8,11,8,237.07824639794097,0.42105240997241583
235,70,11,11,7,221.02069937583042,0.31818167355378474
236,75,9,11,14,246.63430836164275,0.699999650000175
237,76,9,7,10,265.40597878303686,0.6249996093752441
238,68,11,12,9,240.84640149190682,0.3913041776938358
239,79,8,12,18,239.25029533345943,0.899999550000225
240,67,9,12,6,300.4005854050761,0.28571414965992875
241,65,8,6,6,254.51106398065932,0.42857112244919826
242,63,7,7,9,333.57838389955253,0.6428566836737974
243,72,13,14,11,345.7719875244684,0.40740725651583093
244,76,12,12,7,157.30005034240398,0.2916665451389395
245,75,8,9,9,331.0003346912673,0.5294114532873805
246,69,9,14,10,297.82321098263134,0.43478241965981757
247,79,4,17,9,278.828044303062,0.4285712244898931
248,76,10,9,7,328.6789260295099,0.36842085872586383
249,64,8,6,9,223.0420107056537,0.6428566836737974
250,80,13,15,9,387.25316722968,0.32142845663269404
251,70,11,6,12,235.19565345356486,0.7058819377165072
252,70,9,10,12,190.77168502792622,0.6315786149586237
253,69,9,14,10,325.2543085777978,0.43478241965981757
254,84,16,11,19,220.2458484717188,0.7037034430727989
255,72,11,2,6,316.5055388248129,0.46153810650914884
256,74,9,10,9,326.96256980546957,0.4736839612189678
257,84,2,8,13,240.46653898166474,1.2999987000013
258,74,11,13,7,282.5902614539838,0.2916665451389395
259,67,8,7,12,297.63482096230956,0.7999994666670223
260,68,7,9,17,290.26555224698865,1.0624993359379151
261,80,8,13,14,285.1834246798359,0.6666663492065004
262,74,9,13,8,198.6111410660357,0.3636361983471826
263,74,7,11,13,260.0743863101971,0.7222218209878772
264,73,8,6,15,210.12925741652518,1.0714278061229956
265,64,3,7,16,182.47021552044782,1.5999984000016
266,81,20,9,17,272.78844985764454,0.5862066944114847
267,73,10,9,8,323.55364323526277,0.42105240997241583
268,68,6,10,10,236.64241690765328,0.6249996093752441
269,72,7,8,14,257.59047926835603,0.9333327111115259
270,79,7,8,15,246.02150674389986,0.9999993333337778
271,84,14,10,14,256.0082397833329,0.583333090277879
272,71,7,13,9,313.70741456208674,0.4499997750001125
273,75,10,10,10,285.9796866831802,0.49999975000012503
274,82,13,11,10,298.8848054415237,0.4166664930556279
275,80,13,16,8,233.4407512714423,0.27586197384069866
276,75,9,9,9,232.56675094452874,0.49999972222237654
277,77,10,9,19,250.90303744243135,0.9999994736844876
278,71,5,5,10,308.23664902167104,0.9999990000010001
279,73,13,11,7,246.487576381835,0.2916665451389395
280,69,10,11,6,221.23174900950073,0.28571414965992875
281,68,11,11,10,238.50005884962033,0.4545452479339782
282,70,13,8,8,196.67245128717508,0.38095219954657167
283,82,10,10,13,220.78530725015784,0.6499996750001625
284,71,11,12,6,305.5313827318226,0.26086945179589055
285,76,15,15,5,146.22511051123075,0.16666661111112963
286,77,11,12,18,323.0897996852901,0.7826083553876716
287,72,6,11,6,307.2946064156534,0.3529409688582536
288,71,11,12,9,322.01484268333843,0.3913041776938358
289,66,7,16,11,333.4260546446592,0.4782606616257993
290,63,12,9,8,296.858688034876,0.38095219954657167
291,68,7,11,9,286.1728476403994,0.49999972222237654
292,65,11,11,5,187.2499561526506,0.2272726239669891
293,78,9,13,9,190.22651747832631,0.40909072314058037
294,72,11,12,7,191.1770726291831,0.30434769376187226
295,77,10,7,16,271.0020505923696,0.941175916955343
296,63,12,5,7,232.7767822508142,0.41176446366796254
297,73,10,13,9,241.94861997655875,0.3913041776938358
298,78,15,5,13,140.7909266714501,0.6499996750001625
299,72,13,7,13,205.0834490332724,0.6499996750001625
300,74,16,9,8,245.58518551132624,0.3199998720000512
301,78,6,21,9,215.38179521752897,0.33333320987658893
302,82,13,10,18,230.59109345734416,0.7826083553876716
303,77,13,18,7,284.6014878809986,0.22580637877213589
304,78,14,11,8,225.92583411620103,0.3199998720000512
305,81,16,18,9,149.134138904121,0.2647058044982928
306,77,12,9,10,318.32441507175,0.4761902494332146
307,80,6,15,13,300.94502983641684,0.619047324263179
308,80,14,6,19,222.6011077701797,0.9499995250002375
309,69,6,13,14,296.2220340044242,0.7368417174517277
310,79,13,10,9,273.25996265671137,0.3913041776938358
311,77,8,7,10,226.3097334022561,0.6666662222225186
312,75,11,8,9,283.74396838811884,0.4736839612189678
313,75,16,10,14,286.4573350557894,0.5384613313610264
314,70,9,8,10,309.5136415585288,0.5882349480970893
315,79,16,7,13,197.45240474281394,0.5652171455577628
316,75,9,6,11,220.30034203887865,0.7333328444447704
317,78,7,4,14,311.87504836313826,1.2727261157035312
318,69,12,13,6,285.2069793162238,0.2399999040000384
319,71,7,10,14,243.75866607761645,0.8235289273359251
320,81,9,8,12,227.9203765313579,0.7058819377165072
321,75,12,14,11,279.7720150024847,0.4230767603550922
322,82,14,9,10,265.5345991260954,0.43478241965981757
323,76,12,9,14,252.01778321319753,0.6666663492065004
324,78,11,12,8,188.70826604613484,0.34782593572785403
325,69,12,7,7,301.6435188705581,0.36842085872586383
326,67,13,11,10,230.5766580911456,0.4166664930556279
327,77,12,13,20,202.94123291469387,0.799999680000128
328,76,11,11,12,330.48460932014126,0.5454542975207739
329,77,10,8,12,249.15607034190995,0.6666662962965021
330,79,13,11,14,184.90827032366244,0.583333090277879
331,69,10,5,9,297.6982275649015,0.5999996000002666
332,71,9,7,10,175.21534659575312,0.6249996093752441
333,74,10,17,12,234.3371038249929,0.4444442798354519
334,76,12,12,11,209.7348061655024,0.4583331423611907
335,78,13,5,10,291.4831465634277,0.5555552469137517
336,74,13,10,9,234.56382414527545,0.3913041776938358
337,78,10,16,8,266.7387682714038,0.30769218934915793
338,68,9,8,15,262.9610897381337,0.882352422145634
339,74,10,12,11,286.2186732114435,0.49999977272737606
340,73,10,9,9,263.6771893211271,0.4736839612189678
341,84,9,11,12,267.7248481124605,0.59999970000015
342,76,8,13,15,279.6172233948958,0.7142853741498219
343,78,13,11,7,210.42509240798697,0.2916665451389395
344,71,13,5,18,239.94196039754013,0.9999994444447531
345,74,9,11,14,295.1032078242892,0.699999650000175
346,79,6,15,16,264.55895203749475,0.7619043990931433
347,58,5,7,14,236.57069292282912,1.1666656944452547
348,63,10,5,12,243.43444858074534,0.7999994666670223
349,78,13,10,13,284.57944953102765,0.5652171455577628
350,85,6,7,9,323.04690462135846,0.6923071597637233
351,71,12,10,9,215.95222500622762,0.40909072314058037
352,86,7,11,10,283.50170197045617,0.5555552469137517
353,71,14,14,10,258.23253638931345,0.3571427295918823
354,67,9,5,13,237.58756633321036,0.9285707653065962
355,65,10,7,7,244.7718065920604,0.41176446366796254
356,76,6,12,14,246.9161163193231,0.7777773456792524
357,72,15,7,18,278.0967738428778,0.8181814462811607
358,76,7,7,15,240.76720884096162,1.0714278061229956
359,77,14,10,13,236.60162492391544,0.5416664409723163
360,82,8,16,11,245.33685099542788,0.4583331423611907
361,74,10,7,8,328.2492727563231,0.4705879584776715
362,71,19,12,14,296.4418726434289,0.45161275754427177
363,62,11,7,5,249.75132934598167,0.27777762345687584
364,73,15,9,18,260.335068369914,0.7499996875001302
365,72,9,14,12,211.71579507756,0.5217389035917811
366,70,16,11,10,219.94044545789447,0.37037023319620993
367,64,10,9,11,232.08486961962998,0.5789470637120717
368,79,13,15,5,230.19671623832537,0.17857136479594116
369,76,12,6,9,287.2792102569931,0.49999972222237654
370,70,10,13,10,273.31398925041185,0.43478241965981757
371,77,9,18,16,268.34029783180705,0.5925923731139359
372,75,14,13,9,295.8061648960716,0.33333320987658893
373,76,14,14,14,272.32696508459986,0.4999998214286352
374,76,8,8,10,172.76897419298163,0.6249996093752441
375,78,12,13,8,210.29194990507253,0.3199998720000512
376,83,11,13,10,215.85927267750031,0.4166664930556279
377,69,12,13,8,280.94994768487203,0.3199998720000512
378,79,8,11,18,279.28454757899294,0.9473679224379356
379,83,9,11,14,263.31751082786883,0.699999650000175
380,76,9,15,8,241.97312144652616,0.3333331944445023
381,86,14,7,15,258.6714759269032,0.7142853741498219
382,79,12,13,9,324.91459314402954,0.3599998560000576
383,61,7,6,12,196.6095345979728,0.9230762130182977
384,82,15,19,9,205.2480250082892,0.2647058044982928
385,82,12,13,15,252.47029606040277,0.599999760000096
386,77,8,12,15,218.4309310756742,0.7499996250001875
387,67,10,8,14,268.93879622317013,0.7777773456792524
388,76,16,8,12,260.3732458132129,0.49999979166675346
389,79,15,16,15,253.48818987808306,0.4838708116545769
390,83,11,12,11,307.0601122041419,0.4782606616257993
391,78,12,17,8,318.28262023069334,0.27586197384069866
392,73,11,16,4,279.0697941937733,0.14814809327848397
393,72,15,10,12,300.10506697547436,0.4799998080000768
394,68,17,9,6,281.040336739998,0.23076914201186846
395,74,10,12,12,258.02384524990595,0.5454542975207739
396,78,15,12,11,294.73079880928606,0.40740725651583093
397,68,11,14,8,205.22039858066665,0.3199998720000512
398,69,7,8,10,217.87086488072137,0.6666662222225186
399,79,9,11,10,290.442105658425,0.49999975000012503
400,67,9,7,13,279.8424627409315,0.8124994921878174
401,75,8,10,10,315.02915157837396,0.5555552469137517
402,80,11,11,7,327.2936318035897,0.31818167355378474
403,79,10,14,7,253.64184514398357,0.2916665451389395
404,77,18,10,8,190.9338912031534,0.2857141836735058
405,79,13,12,14,248.11270218775005,0.5599997760000897
406,77,11,14,4,212.91464817211707,0.1599999360000256
407,81,18,11,10,325.98563495997485,0.3448274673008733
408,72,9,8,8,262.52623871381684,0.4705879584776715
409,80,13,10,12,293.24586652279476,0.5217389035917811
410,77,12,15,8,229.495392782057,0.29629618655696793
411,73,8,12,9,274.44164006348484,0.4499997750001125
412,71,13,10,13,235.09593954935897,0.5652171455577628
413,80,7,11,10,320.950047748977,0.5555552469137517
414,78,9,10,16,266.17167907821363,0.8421048199448317
415,71,13,9,13,267.0469241481114,0.5909088223141716
416,80,11,10,19,251.14635573012333,0.9047614739231077
417,79,13,15,13,289.3447863904704,0.464285548469447
418,81,12,14,10,243.59737187584489,0.3846152366864474
419,70,11,7,5,300.48804263710673,0.27777762345687584
420,71,10,17,11,267.5588303620202,0.40740725651583093
421,74,10,10,14,223.10588833831707,0.699999650000175
422,79,16,9,7,203.26992295846182,0.2799998880000448
423,73,11,7,13,222.31635950871532,0.7222218209878772
424,77,9,13,12,216.3719196395182,0.5454542975207739
425,78,9,13,3,115.71647130389913,0.13636357438019348
426,79,7,7,18,303.65768756249633,1.285713367347595
427,73,9,10,13,240.7185090263413,0.6842101662051757
428,77,10,8,8,193.85965043594769,0.4444441975310014
429,71,6,9,11,236.48540408353767,0.7333328444447704
430,76,14,13,7,288.6269374496511,0.25925916323734693
431,78,17,8,6,242.3218370429769,0.2399999040000384
432,77,8,10,11,210.01347300713286,0.611110771605127
433,83,20,8,10,282.5624559683628,0.3571427295918823
434,79,12,13,10,184.20330013614483,0.399999840000064
435,71,10,6,13,284.38428459126766,0.8124994921878174
436,79,14,13,8,287.494489783401,0.29629618655696793
437,76,12,14,9,246.68396782879296,0.3461537130178027
438,71,9,5,10,262.5584707918439,0.7142852040819971
439,76,8,6,10,225.97134318327113,0.7142852040819971
440,73,14,13,7,264.70203661618535,0.25925916323734693
441,75,8,11,8,224.99453779734588,0.42105240997241583
442,71,10,13,5,170.61429297412457,0.21739120982990878
443,76,14,10,7,339.5910907749433,0.2916665451389395
444,77,7,14,8,316.7051271349869,0.38095219954657167
445,71,9,8,10,263.00122698274106,0.5882349480970893
446,83,9,10,12,231.71114518954258,0.6315786149586237
447,76,10,15,4,336.08551262869736,0.1599999360000256
448,79,10,8,13,245.4171679391719,0.7222218209878772
449,73,9,10,8,172.00343851506506,0.42105240997241583
450,80,22,9,11,211.91642548128218,0.35483859521335637
451,76,10,12,13,167.97878638880607,0.5909088223141716
452,74,10,9,15,243.36008674171944,0.7894732686982796
453,80,8,11,10,248.32659137612623,0.5263155124655198
454,75,13,9,12,198.30263003485229,0.5454542975207739
455,76,10,10,20,336.6074109619231,0.9999995000002501
456,75,11,8,15,281.7751045728565,0.7894732686982796
457,76,14,8,11,249.9600107236599,0.49999977272737606
458,69,10,12,9,207.37815421786823,0.40909072314058037
459,74,8,12,13,251.4672640008162,0.6499996750001625
460,87,14,11,7,208.97080271161977,0.2799998880000448
461,70,6,14,11,372.90499203714296,0.5499997250001375
462,71,14,6,6,240.76135789764362,0.299999850000075
463,68,7,11,15,242.81220841956275,0.8333328703706276
464,80,8,11,16,279.2518357128298,0.8421048199448317
465,69,13,10,14,288.22749859694693,0.6086953875237445
466,85,15,5,13,246.0009246181168,0.6499996750001625
467,76,10,10,10,171.7972792974246,0.49999975000012503
468,65,9,10,7,220.62832182793892,0.36842085872586383
469,74,6,18,7,141.0730838597902,0.2916665451389395
470,77,13,14,12,269.18507812805626,0.4444442798354519
471,70,13,5,12,282.0615241724688,0.6666662962965021
472,75,5,13,13,271.2102094330424,0.7222218209878772
473,77,10,9,12,251.26434119230353,0.6315786149586237
474,70,13,12,8,258.9448680948308,0.3199998720000512
475,78,10,14,10,238.16248315888294,0.4166664930556279
476,72,13,7,10,197.29963236134182,0.49999975000012503
477,68,11,12,6,247.6330646120465,0.26086945179589055
478,71,4,11,14,329.7150260608998,0.9333327111115259
479,83,7,11,21,265.6378129491331,1.1666660185188786
480,79,13,5,17,282.0905850593888,0.9444439197533779
481,67,8,6,7,322.38797708562635,0.49999964285739795
482,65,9,9,5,204.76457117240807,0.27777762345687584
483,67,11,3,11,223.1730875946854,0.7857137244901968
484,70,9,13,7,417.51393842635815,0.31818167355378474
485,68,6,6,13,227.4212731824671,1.083332430556308
486,78,8,15,10,287.3046103051395,0.43478241965981757
487,86,10,20,15,279.6990658415842,0.4999998333333889
488,71,11,7,10,195.8599596318026,0.5555552469137517
489,78,11,6,9,232.59272673507277,0.5294114532873805
490,66,9,13,5,214.83343955064856,0.2272726239669891
491,74,9,9,12,199.8599367602653,0.6666662962965021
492,84,12,9,6,257.9610550904339,0.28571414965992875
493,73,17,10,10,185.1659288254663,0.37037023319620993
494,78,10,10,15,299.07043219971183,0.7499996250001875
495,78,11,10,16,235.43804521667127,0.7619043990931433
496,78,12,8,6,267.5754665428484,0.299999850000075
497,69,9,9,13,195.48699748600353,0.7222218209878772
498,87,9,17,10,187.8601461996953,0.3846152366864474
499,72,9,4,14,170.58461404263056,1.0769222485213472
500,81,10,15,12,156.39075263572954,0.4799998080000768
501,74,12,7,11,262.4005345802005,0.5789470637120717
502,78,7,8,7,207.31201104663154,0.46666635555576297
503,77,15,9,10,299.7643661671595,0.4166664930556279
504,76,9,14,6,216.29723265201156,0.26086945179589055
505,79,12,16,12,249.31713295393686,0.42857127551025875
506,74,9,6,9,266.30376247047195,0.5999996000002666
507,77,10,14,12,250.1151670967412,0.49999979166675346
508,79,13,14,9,263.949770377869,0.33333320987658893
509,80,10,13,15,258.17401456754953,0.6521736294897263
510,89,8,15,22,185.15230957271584,0.9565213232515986
511,70,11,12,13,231.17757871746457,0.5652171455577628
512,79,11,12,8,191.34197375893268,0.34782593572785403
513,75,11,9,15,260.37755706556766,0.7499996250001875
514,83,7,18,10,244.9954839495471,0.399999840000064
515,74,13,12,14,355.4629883766265,0.5599997760000897
516,70,13,8,7,280.09999622269805,0.3333331746032502
517,60,8,6,8,184.794940004835,0.5714281632655976
518,74,17,9,13,225.53167340404227,0.49999980769238167
519,71,8,7,9,306.2951408932432,0.5999996000002666
520,79,8,17,12,256.40808306455267,0.4799998080000768
521,81,9,13,7,236.232203861609,0.31818167355378474
522,66,7,5,12,232.7347984082937,0.9999991666673611
523,80,14,11,6,245.74301094128052,0.2399999040000384
524,77,13,15,10,219.6132697076524,0.3571427295918823
525,80,13,12,11,271.9218128994698,0.4399998240000704
526,75,10,10,12,205.09002370126723,0.59999970000015
527,73,12,14,8,255.93502851539282,0.30769218934915793
528,83,10,15,17,277.6533280894164,0.6799997280001088
529,76,3,10,7,340.3891719479879,0.5384611242606736
530,76,11,11,12,293.3150751701063,0.5454542975207739
531,73,6,5,9,297.6421500892966,0.8181810743808415
532,74,16,9,13,240.41838525529243,0.5199997920000832
533,75,11,11,6,195.1199181427527,0.27272714876038695
534,72,11,8,12,316.36628279394887,0.6315786149586237
535,79,9,11,10,270.18815477296624,0.49999975000012503
536,75,9,10,7,279.24805449464344,0.36842085872586383
537,70,10,13,9,228.2336581376985,0.3913041776938358
538,75,9,10,11,265.8609934049713,0.5789470637120717
539,68,8,10,9,228.80024775105454,0.49999972222237654
540,79,11,12,11,332.7201971438142,0.4782606616257993
541,80,15,9,15,266.2439921588048,0.6249997395834419
542,76,13,11,8,224.78672534820979,0.3333331944445023
543,76,11,13,13,265.63412024496944,0.5416664409723163
544,78,9,12,16,222.18483494721525,0.7619043990931433
545,77,9,12,7,215.95245038958222,0.3333331746032502
546,82,14,16,7,152.11223194345885,0.2333332555555815
547,77,11,10,17,249.78265865626895,0.8095234240364647
548,80,17,10,12,236.74344817276537,0.4444442798354519
549,73,13,14,7,219.79238452707236,0.25925916323734693
550,75,7,14,9,304.36820166987525,0.4285712244898931
551,71,10,9,8,265.73870919247565,0.42105240997241583
552,83,6,17,13,270.1042644331799,0.5652171455577628
553,66,5,11,7,315.29224913506806,0.4374997265626709
554,71,10,11,14,184.95598773621253,0.6666663492065004
555,67,11,6,7,228.96747044973037,0.41176446366796254
556,79,15,7,12,344.5335207109115,0.5454542975207739
557,77,10,15,8,260.37062679502327,0.3199998720000512
558,75,7,15,10,305.05380259359526,0.4545452479339782
559,77,6,9,15,263.241588855781,0.9999993333337778
560,70,13,5,13,247.6048538752467,0.7222218209878772
561,68,10,6,12,276.2017359215495,0.749999531250293
562,75,14,13,9,325.6592618223284,0.33333320987658893
563,73,8,12,12,352.1818393303453,0.59999970000015
564,71,9,13,7,274.8356687245265,0.31818167355378474
565,78,11,14,15,323.5770929738148,0.599999760000096
566,71,8,6,15,278.4435994168859,1.0714278061229956
567,78,9,14,11,201.64439992107845,0.4782606616257993
568,85,11,13,19,229.41435946281982,0.791666336805693
569,68,6,3,9,267.8094430179624,0.9999988888901234
570,74,13,10,9,232.9506076314296,0.3913041776938358
571,77,9,5,10,284.478637284923,0.7142852040819971
572,71,8,10,9,334.1962055683744,0.49999972222237654
573,79,14,5,17,222.14185978903387,0.8947363711913836
574,79,15,13,14,285.844107576825,0.4999998214286352
575,72,10,16,9,283.2812917152045,0.3461537130178027
576,69,12,12,10,299.64402607545884,0.4166664930556279
577,67,8,8,11,277.2526621441984,0.6874995703127685
578,77,13,11,9,282.94478713818626,0.3749998437500651
579,84,12,13,12,237.68883170020672,0.4799998080000768
580,69,7,10,11,353.6136545534658,0.6470584429067983
581,76,10,9,10,193.03415684385908,0.5263155124655198
582,78,6,14,14,217.74797129027314,0.699999650000175
583,70,11,6,13,209.25277554220207,0.7647054325262161
584,64,14,8,6,371.0923874015652,0.27272714876038695
585,83,12,17,10,157.75200480276598,0.3448274673008733
586,70,12,8,9,205.0479774670348,0.4499997750001125
587,75,11,8,5,258.9471600109605,0.2631577562327599
588,78,11,16,7,239.64059878268958,0.25925916323734693
589,76,14,8,11,151.43850961092346,0.49999977272737606
590,81,15,15,10,209.27977742935073,0.33333322222225925
591,77,17,10,10,281.60605381549306,0.37037023319620993
592,83,14,11,17,226.1818972112886,0.6799997280001088
593,68,15,11,12,175.30658733125026,0.4615382840237369
594,77,13,15,8,325.44370275785,0.2857141836735058
595,74,7,7,13,229.39318505714434,0.9285707653065962
596,70,14,12,12,236.21286615253777,0.4615382840237369
597,79,16,13,9,314.38213353599616,0.310344720570786
598,81,11,9,8,193.47201417045733,0.3999998000001
599,71,8,8,13,251.7838876931821,0.8124994921878174
600,74,12,7,12,218.54588545906867,0.6315786149586237
601,70,16,11,11,258.3329018168004,0.40740725651583093
602,76,7,14,8,191.34099263084167,0.38095219954657167
603,77,13,8,12,221.39157371357874,0.5714282993198575
604,71,11,6,9,256.1078559158421,0.5294114532873805
605,71,6,9,14,255.11320514165075,0.9333327111115259
606,78,13,9,16,222.72020017290365,0.7272723966943652
607,77,11,10,15,253.8063297552333,0.7142853741498219
608,84,14,9,11,255.7995787445674,0.4782606616257993
609,73,10,8,16,236.36761725658954,0.8888883950620028
610,70,10,14,13,227.68079788913934,0.5416664409723163
611,76,9,12,8,224.13918471522953,0.38095219954657167
612,70,10,8,8,197.500709956257,0.4444441975310014
613,74,9,9,12,270.09853957325055,0.6666662962965021
614,77,17,10,6,243.32072196137224,0.22222213991772596
615,73,8,8,14,306.85376829012154,0.8749994531253418
616,78,14,11,10,204.4868290871587,0.399999840000064
617,89,11,7,11,217.27969461126324,0.611110771605127
618,72,10,8,14,277.16584698612957,0.7777773456792524
619,72,11,10,10,298.192870800659,0.4761902494332146
620,72,12,10,8,252.1339822943086,0.3636361983471826
621,67,10,8,12,293.3109664581467,0.6666662962965021
622,74,8,18,10,170.2209705757309,0.3846152366864474
623,81,8,11,11,206.95634452140254,0.5789470637120717
624,84,12,21,16,232.6699109192194,0.484848337924746
625,73,14,11,13,236.04490957543385,0.5199997920000832
626,75,10,12,10,300.79998469231316,0.4545452479339782
627,67,12,4,16,196.1181002004952,0.9999993750003906
628,83,10,11,14,251.8615098438823,0.6666663492065004
629,78,12,6,15,297.8927084276587,0.8333328703706276
630,77,7,10,13,297.1968380803711,0.7647054325262161
631,79,10,12,8,263.7326307244937,0.3636361983471826
632,74,14,9,7,318.45750601924146,0.30434769376187226
633,69,13,12,10,160.70221451142478,0.399999840000064
634,76,10,9,11,285.748104845372,0.5789470637120717
635,75,9,13,14,228.37041951923493,0.6363633471075695
636,73,7,9,16,240.0461492856903,0.9999993750003906
637,67,15,11,10,334.93517273958184,0.3846152366864474
638,76,9,9,6,224.92175921593056,0.33333314814825105
639,81,10,9,16,256.67395538938916,0.8421048199448317
640,69,15,10,14,288.23182115191213,0.5599997760000897
641,69,11,13,7,375.29871253137844,0.2916665451389395
642,76,11,11,11,303.97208041236513,0.49999977272737606
643,82,14,10,10,348.75338824951604,0.4166664930556279
644,81,6,14,13,170.37742748082914,0.6499996750001625
645,66,10,7,10,225.26747563776672,0.5882349480970893
646,86,12,17,14,269.28732959230683,0.4827584542212227
647,71,9,7,13,297.2672036656275,0.8124994921878174
648,72,8,15,10,270.8051353435309,0.43478241965981757
649,72,7,8,7,287.6502449719759,0.46666635555576297
650,78,12,11,7,313.4524137499114,0.30434769376187226
651,71,10,6,9,331.99014406771903,0.5624996484377197
652,62,7,7,11,253.37612151620579,0.7857137244901968
653,77,15,10,5,256.58103454317995,0.199999920000032
654,84,12,13,6,155.394261834953,0.2399999040000384
655,81,14,10,6,259.5969419561133,0.24999989583337673
656,65,10,9,16,193.8872877638267,0.8421048199448317
657,64,11,9,8,170.35211156292493,0.3999998000001
658,78,9,10,10,292.92741086715705,0.5263155124655198
659,80,20,14,13,237.25156774254737,0.38235282871975623
660,79,10,9,13,218.26658102891912,0.6842101662051757
661,74,10,9,9,262.73833549452746,0.4736839612189678
662,81,10,13,10,181.89851474996163,0.43478241965981757
663,75,11,8,7,248.20505755523257,0.36842085872586383
664,78,13,12,9,212.2193812877826,0.3599998560000576
665,70,11,11,9,295.49458396458687,0.40909072314058037
666,70,11,5,15,233.344193707618,0.9374994140628662
667,77,6,10,12,332.7551745033973,0.749999531250293
668,73,13,16,12,232.62285729725747,0.41379296076104805
669,82,11,15,8,238.9180162671994,0.30769218934915793
670,65,5,12,8,197.89161229150827,0.4705879584776715
671,71,16,4,10,239.7238340465461,0.49999975000012503
672,68,13,11,7,277.53605005231395,0.2916665451389395
673,74,11,13,10,245.79941753425996,0.4166664930556279
674,68,10,13,7,316.31048107803883,0.30434769376187226
675,87,14,9,15,267.42912747175467,0.6521736294897263
676,68,12,8,10,263.57347258333306,0.49999975000012503
677,74,9,12,10,200.6958330334648,0.4761902494332146
678,67,15,9,11,217.87480137738777,0.4583331423611907
679,68,9,11,13,323.29180066001675,0.6499996750001625
680,70,14,8,5,239.15820415487687,0.2272726239669891
681,82,12,7,15,214.26804126329384,0.7894732686982796
682,78,7,14,5,205.1028760079918,0.2380951247166073
683,71,10,12,14,182.28396904257585,0.6363633471075695
684,77,13,11,13,247.73401350447637,0.5416664409723163
685,79,12,10,9,199.3388714571786,0.40909072314058037
686,74,11,12,6,231.5154914467839,0.26086945179589055
687,75,8,15,12,264.9175497316306,0.5217389035917811
688,71,12,8,9,250.02297467908224,0.4499997750001125
689,80,7,11,14,266.89038431058515,0.7777773456792524
690,69,8,10,14,260.97344385715587,0.7777773456792524
691,81,15,15,12,268.17992263386395,0.3999998666667111
692,65,9,10,12,198.2722933152859,0.6315786149586237
693,69,9,6,8,233.31062562053694,0.5333329777780148
694,84,11,9,14,347.31418726400955,0.699999650000175
695,75,9,13,10,255.34389052984403,0.4545452479339782
696,76,6,13,12,227.04375797988294,0.6315786149586237
697,88,15,15,10,300.8267839434841,0.33333322222225925
698,86,17,10,9,275.34423561246354,0.33333320987658893
699,77,8,14,13,180.98531922717896,0.5909088223141716
700,64,8,9,9,216.6829118627239,0.5294114532873805
701,81,8,14,13,243.94058219916795,0.5909088223141716
702,65,9,11,9,143.60298163784478,0.4499997750001125
703,64,12,9,10,268.24161924579266,0.4761902494332146
704,72,7,18,11,212.744158269476,0.4399998240000704
705,75,12,14,9,334.23414054087505,0.3461537130178027
706,70,17,11,14,243.26394937981567,0.4999998214286352
707,69,8,9,7,223.19271268896298,0.41176446366796254
708,74,11,7,10,327.10297296674014,0.5555552469137517
709,68,11,13,8,179.23585170685266,0.3333331944445023
710,79,9,6,11,224.4890419307866,0.7333328444447704
711,73,13,17,8,285.62562617383236,0.2666665777778074
712,72,7,8,7,285.1450904708613,0.46666635555576297
713,76,8,16,11,276.9816189323395,0.4583331423611907
714,79,13,15,12,317.82664828179895,0.42857127551025875
715,76,15,7,6,259.46257729811686,0.27272714876038695
716,79,20,13,11,230.79859373042882,0.3333332323232629
717,71,6,14,8,145.4550575539881,0.3999998000001
718,77,6,17,16,248.06819839147485,0.6956518714557081
719,73,10,12,9,221.94369130698738,0.40909072314058037
720,72,5,7,15,273.3504965764424,1.2499989583342015
721,73,13,7,15,275.82785536768137,0.7499996250001875
722,77,9,15,10,251.32344098992348,0.4166664930556279
723,70,12,4,10,365.1926845716899,0.6249996093752441
724,78,5,9,16,247.200908398019,1.1428563265311953
725,72,11,9,12,228.11811990403922,0.59999970000015
726,76,10,16,7,182.5243760877913,0.2692306656805132
727,59,8,10,14,269.649507499835,0.7777773456792524
728,72,14,13,6,250.55538625282944,0.22222213991772596
729,69,10,15,7,352.84505120923586,0.2799998880000448
730,84,13,12,11,235.11865726117347,0.4399998240000704
731,80,12,11,14,241.5801628785322,0.6086953875237445
732,81,8,12,10,244.38345263067276,0.49999975000012503
733,69,10,10,10,271.71801043449636,0.49999975000012503
734,68,11,3,11,277.6422726162667,0.7857137244901968
735,66,9,6,8,197.00202096311523,0.5333329777780148
736,84,13,14,20,225.3579603034074,0.7407404663924199
737,79,13,11,8,275.4163684401084,0.3333331944445023
738,75,17,8,9,283.25810760473394,0.3599998560000576
739,79,12,14,13,314.19052378542955,0.49999980769238167
740,82,15,12,5,313.4153677484063,0.18518511659810497
741,79,12,11,6,246.11812130690262,0.26086945179589055
742,74,10,11,13,246.06805373215064,0.619047324263179
743,75,12,11,12,356.30287121081454,0.5217389035917811
744,82,13,17,12,243.1453601441785,0.3999998666667111
745,79,11,13,15,257.2008477728544,0.6249997395834419
746,80,11,8,15,301.180506062035,0.7894732686982796
747,66,5,11,11,298.2090620481897,0.6874995703127685
748,72,9,10,4,241.64574375599227,0.21052620498620792
749,81,8,11,8,250.9336161947821,0.42105240997241583
750,74,10,10,13,219.9156196631734,0.6499996750001625
751,78,10,16,10,287.2483955114574,0.3846152366864474
752,69,12,11,6,216.45205882911523,0.26086945179589055
753,77,10,15,17,223.3993120429676,0.6799997280001088
754,72,11,9,10,232.89344686878098,0.49999975000012503
755,75,14,12,10,280.5332220911838,0.3846152366864474
756,77,8,7,7,278.58975253323194,0.46666635555576297
757,73,9,11,9,299.1924061661943,0.4499997750001125
758,64,5,11,7,272.91734264797157,0.4374997265626709
759,82,13,9,15,300.1522423389487,0.6818178719009673
760,75,17,6,9,331.93332083411286,0.3913041776938358
761,77,8,2,21,249.1687480957368,2.0999979000021
762,70,8,9,12,236.52399743818935,0.7058819377165072
763,75,9,12,7,188.78816969738594,0.3333331746032502
764,69,9,10,7,208.2119046074159,0.36842085872586383
765,87,15,10,11,211.57671188744715,0.4399998240000704
766,75,6,11,8,224.33865647212554,0.4705879584776715
767,68,8,10,15,237.82772439644938,0.8333328703706276
768,81,8,11,10,167.4007606218259,0.5263155124655198
769,77,6,15,9,303.79475277343045,0.4285712244898931
770,87,10,14,10,240.20769386609498,0.4166664930556279
771,64,15,2,12,242.28816111919812,0.7058819377165072
772,77,15,8,18,270.94803447282175,0.7826083553876716
773,71,11,13,8,305.2484272204149,0.3333331944445023
774,73,12,7,13,273.7926756628926,0.6842101662051757
775,63,5,11,6,308.31308930452616,0.3749997656251465
776,81,14,5,8,206.76107680648715,0.42105240997241583
777,78,12,15,9,196.87390232849788,0.33333320987658893
778,65,12,8,6,292.23449733897786,0.299999850000075
779,77,17,10,6,279.9620467128429,0.22222213991772596
780,92,10,14,13,326.7207310154091,0.5416664409723163
781,70,13,5,12,238.44468260884878,0.6666662962965021
782,73,14,6,9,218.00170558867933,0.4499997750001125
783,71,8,6,13,211.70860082752046,0.9285707653065962
784,67,5,11,11,233.53574727052361,0.6874995703127685
785,74,12,11,5,284.1785933632947,0.21739120982990878
786,69,11,11,8,198.84678314861017,0.3636361983471826
787,75,8,10,9,241.84694799566165,0.49999972222237654
788,77,12,15,13,226.3459662812206,0.4814813031550729
789,81,13,9,11,272.5145274369581,0.49999977272737606
790,80,17,10,7,275.18900129169845,0.25925916323734693
791,77,15,9,9,258.71465262209784,0.3749998437500651
792,70,10,12,10,282.2334055765758,0.4545452479339782
793,86,9,15,6,304.7287389562387,0.24999989583337673
794,70,10,6,10,258.0976307433897,0.6249996093752441
795,65,9,6,12,243.1650270905649,0.7999994666670223
796,70,13,13,10,311.6211218457347,0.3846152366864474
797,64,12,9,7,224.45355563804014,0.3333331746032502
798,81,11,15,10,218.48674420313282,0.3846152366864474
799,80,14,17,10,189.49875946096458,0.3225805411030513
800,76,8,13,14,285.95791471631,0.6666663492065004
801,80,11,17,13,224.21979312299013,0.464285548469447
802,79,14,13,14,308.57284167253965,0.5185183264746939
803,69,7,8,14,292.88975896681393,0.9333327111115259
804,68,13,6,7,221.99176334202411,0.36842085872586383
805,78,13,12,5,261.7139360602266,0.199999920000032
806,73,10,8,14,295.7585622647674,0.7777773456792524
807,72,5,13,9,240.71193849519057,0.49999972222237654
808,82,11,6,14,259.44371414883204,0.8235289273359251
809,76,9,9,14,241.34476385204525,0.7777773456792524
810,70,4,13,13,196.8366784747624,0.7647054325262161
811,76,7,13,13,205.94145926423263,0.6499996750001625
812,79,8,8,6,254.0193264863134,0.3749997656251465
813,77,8,12,14,257.90539331086296,0.699999650000175
814,78,9,15,11,193.62617171421272,0.4583331423611907
815,75,15,10,13,222.95091104061916,0.5199997920000832
816,80,13,9,14,306.1869933947955,0.6363633471075695
817,62,11,8,9,259.6891733499141,0.4736839612189678
818,87,9,15,11,197.38142701147615,0.4583331423611907
819,68,8,8,6,221.3780583496308,0.3749997656251465
820,72,11,12,11,236.10434732470415,0.4782606616257993
821,80,13,16,13,259.9675199572926,0.4482757074911354
822,71,10,10,14,255.73492387614755,0.699999650000175
823,81,12,13,11,263.2103639300254,0.4399998240000704
824,69,8,15,5,339.08289582810744,0.21739120982990878
825,67,9,12,6,354.7321951907593,0.28571414965992875
826,73,10,9,8,316.48664153117676,0.42105240997241583
827,70,15,11,9,225.48118176759783,0.3461537130178027
828,69,12,7,7,318.17412413383784,0.36842085872586383
829,74,11,12,9,204.4053915181924,0.3913041776938358
830,71,7,9,17,257.9998788067277,1.0624993359379151
831,73,11,13,6,168.15673670039448,0.24999989583337673
832,76,8,13,6,208.02764477393157,0.28571414965992875
833,72,10,9,10,244.25670751352723,0.5263155124655198
834,88,15,19,10,317.3637178151856,0.2941175605536586
835,70,8,10,13,283.5448194593453,0.7222218209878772
836,77,11,11,12,229.6227238918281,0.5454542975207739
837,82,10,11,10,219.80407679697691,0.4761902494332146
838,65,8,11,11,211.33249147123877,0.5789470637120717
839,72,14,17,6,299.16673776109104,0.19354832466183075
840,74,12,9,9,170.31716085581897,0.4285712244898931
841,79,16,13,12,237.47785359793838,0.41379296076104805
842,74,9,6,8,273.15936758608666,0.5333329777780148
843,78,15,11,12,212.43838308892745,0.4615382840237369
844,73,12,12,5,306.8712515519349,0.20833324652781396
845,68,11,12,8,157.60792886503665,0.34782593572785403
846,77,9,10,13,270.35921368926853,0.6842101662051757
847,76,8,6,15,236.7943007592165,1.0714278061229956
848,73,7,9,15,247.42338554114002,0.9374994140628662
849,76,11,13,7,296.26433420469783,0.2916665451389395
850,74,9,17,13,220.02782147199616,0.49999980769238167
851,74,14,13,8,281.93923203498065,0.29629618655696793
852,78,5,13,8,334.80235398285083,0.4444441975310014
853,76,11,15,10,273.5996634456144,0.3846152366864474
854,75,11,9,11,242.72795496452719,0.5499997250001375
855,80,11,11,17,224.49392377219635,0.772726921487763
856,73,8,15,8,268.77382754595226,0.34782593572785403
857,78,13,19,7,232.4293663493104,0.21874993164064635
858,79,13,10,12,303.0555090581075,0.5217389035917811
859,67,13,10,13,284.166239209515,0.5652171455577628
860,66,7,8,9,271.3504749903287,0.5999996000002666
861,82,13,10,10,322.9901869557947,0.43478241965981757
862,73,9,11,10,266.45276408624034,0.49999975000012503
863,68,13,11,6,294.09703360079783,0.24999989583337673
864,77,12,15,7,289.2241759077092,0.25925916323734693
865,73,5,11,15,271.2313542636895,0.9374994140628662
866,79,14,13,9,206.91017152892513,0.33333320987658893
867,77,12,8,11,302.3086223845988,0.5499997250001375
868,75,9,15,10,243.6720415159968,0.4166664930556279
869,71,17,12,10,306.7273521120741,0.3448274673008733
870,74,12,17,7,227.24369874689265,0.24137922711061136
871,73,13,9,8,201.6169051650512,0.3636361983471826
872,83,9,11,12,305.62928118536644,0.59999970000015
873,76,11,6,10,293.9780671255842,0.5882349480970893
874,71,11,11,8,242.56506708757377,0.3636361983471826
875,71,9,7,10,333.8204638890479,0.6249996093752441
876,68,8,8,13,252.80939241632808,0.8124994921878174
877,67,5,12,10,211.65456126839135,0.5882349480970893
878,78,13,9,15,275.8754083169299,0.6818178719009673
879,71,12,10,7,176.3688803646749,0.31818167355378474
880,76,14,10,7,233.26923527875866,0.2916665451389395
881,72,13,11,11,279.3579614421658,0.4583331423611907
882,86,19,11,13,256.9370112063587,0.433333188888937
883,82,10,7,9,351.31095650298175,0.5294114532873805
884,68,12,8,10,240.72236192251847,0.49999975000012503
885,72,7,12,20,219.13467645356565,1.0526310249310395
886,81,15,8,14,224.69362681356841,0.6086953875237445
887,72,8,17,8,155.02333693021941,0.3199998720000512
888,81,11,18,10,296.9396384058816,0.3448274673008733
889,81,9,18,11,182.48974466592958,0.40740725651583093
890,75,10,8,13,172.0186086934003,0.7222218209878772
891,80,7,17,12,261.55403445995483,0.49999979166675346
892,70,11,5,9,166.27209388093576,0.5624996484377197
893,65,10,9,8,270.98882326511466,0.42105240997241583
894,81,15,9,12,213.01787983332702,0.49999979166675346
895,81,6,7,14,296.8700329011517,1.0769222485213472
896,63,6,12,9,263.8703806925142,0.49999972222237654
897,63,9,12,13,209.84330803663372,0.619047324263179
898,76,11,8,8,238.06273056676028,0.42105240997241583
899,78,7,13,12,311.20505557264426,0.59999970000015
900,76,9,10,12,175.82597118430365,0.6315786149586237
901,71,8,8,12,288.48081928005405,0.749999531250293
902,75,11,6,12,302.98583649974313,0.7058819377165072
903,68,11,7,9,257.0982428764524,0.49999972222237654
904,79,15,8,8,214.1520212492014,0.34782593572785403
905,69,8,13,16,246.85920721140204,0.7619043990931433
906,69,7,13,11,292.4590946000435,0.5499997250001375
907,69,11,10,5,329.23018493471403,0.2380951247166073
908,72,14,9,8,333.6658443717598,0.34782593572785403
909,75,9,13,11,310.68612366192116,0.49999977272737606
910,70,12,16,3,160.72855721213134,0.10714281887756469
911,68,12,8,9,316.91194248446686,0.4499997750001125
912,89,7,17,10,251.67461264772584,0.4166664930556279
913,68,8,12,10,405.9416705077779,0.49999975000012503
914,71,10,16,10,202.14669144862248,0.3846152366864474
915,67,10,6,9,268.0358391178121,0.5624996484377197
916,67,11,6,13,246.6528060619557,0.7647054325262161
917,73,8,8,9,288.995770119556,0.5624996484377197
918,79,8,14,6,162.3628618951266,0.27272714876038695
919,86,11,11,19,289.9415991772549,0.8636359710745586
920,71,5,10,12,301.55690495971993,0.7999994666670223
921,65,12,8,9,249.82400204273486,0.4499997750001125
922,72,12,9,6,228.77667314513027,0.28571414965992875
923,65,4,8,14,234.53304377763143,1.1666656944452547
924,70,7,12,14,242.2726639330917,0.7368417174517277
925,76,11,10,13,289.72625180856016,0.619047324263179
926,65,11,9,12,286.41199959402485,0.59999970000015
927,74,6,5,12,259.0070644697925,1.0909080991744553
928,85,11,14,9,228.9325316669482,0.3599998560000576
929,80,10,12,9,303.43449710755635,0.40909072314058037
930,80,8,11,9,262.53064259939055,0.4736839612189678
931,74,7,8,12,295.5081353897154,0.7999994666670223
932,78,14,13,11,325.94977709263736,0.40740725651583093
933,70,16,9,10,258.8621640860665,0.399999840000064
934,86,12,12,11,301.4458333943449,0.4583331423611907
935,76,11,16,10,199.41752606497045,0.37037023319620993
936,82,8,15,16,292.03205034537405,0.6956518714557081
937,75,17,11,11,279.39600766648164,0.39285700255107053
938,75,4,12,18,285.5926272289509,1.1249992968754394
939,77,12,12,15,277.33356652722915,0.6249997395834419
940,70,11,11,11,292.4791323444814,0.49999977272737606
941,80,11,19,8,182.90625460668872,0.2666665777778074
942,73,14,13,14,282.4514144234508,0.5185183264746939
943,82,14,15,10,367.1618267327775,0.3448274673008733
944,81,12,10,10,268.4055020634274,0.4545452479339782
945,73,11,9,9,136.78169975477078,0.4499997750001125
946,75,7,9,14,259.3280745215915,0.8749994531253418
947,65,6,14,10,271.89724343096816,0.49999975000012503
948,70,12,7,8,210.35971708344346,0.42105240997241583
949,73,10,13,10,203.34845657960483,0.43478241965981757
950,74,10,12,8,199.19718546228057,0.3636361983471826
951,80,13,9,10,276.0345294785536,0.4545452479339782
952,79,17,11,13,261.73404569207537,0.464285548469447
953,68,10,8,12,264.01514158719306,0.6666662962965021
954,79,6,12,17,249.46193380852188,0.9444439197533779
955,71,12,7,11,213.2432955623937,0.5789470637120717
956,75,13,9,5,154.7328915191741,0.2272726239669891
957,78,7,20,7,193.59345866688605,0.25925916323734693
958,74,7,9,7,281.0474178636012,0.4374997265626709
959,77,9,15,12,218.36749514642202,0.49999979166675346
960,76,12,13,6,285.2970910624071,0.2399999040000384
961,85,13,14,9,236.06384960968444,0.33333320987658893
962,84,9,11,15,229.45544616475368,0.7499996250001875
963,72,5,10,11,198.37458317107348,0.7333328444447704
964,65,11,7,6,261.45594136042183,0.33333314814825105
965,85,14,13,9,246.3776028037911,0.33333320987658893
966,81,13,8,12,314.69938542860365,0.5714282993198575
967,80,13,12,11,283.126763176276,0.4399998240000704
968,79,8,8,12,244.47899637400076,0.749999531250293
969,68,10,10,8,295.5831027785661,0.3999998000001
970,75,12,11,12,238.7629762471138,0.5217389035917811
971,67,12,10,9,212.83969940684545,0.40909072314058037
972,82,14,4,12,213.94035911735003,0.6666662962965021
973,78,15,13,9,260.2238718509429,0.32142845663269404
974,74,13,14,12,266.89123361075184,0.4444442798354519
975,80,11,15,11,243.8620622240496,0.4230767603550922
976,73,10,6,10,218.02227188401466,0.6249996093752441
977,78,8,8,14,282.18195151230896,0.8749994531253418
978,79,9,12,13,323.8839218846897,0.619047324263179
979,94,17,12,9,260.41926166910815,0.310344720570786
980,85,15,7,14,278.41610592703046,0.6363633471075695
981,71,10,16,8,285.0086770007046,0.30769218934915793
982,67,13,8,12,250.61004693574054,0.5714282993198575
983,77,6,8,10,222.22631112790768,0.7142852040819971
984,72,9,8,12,269.30513483068546,0.7058819377165072
985,75,15,12,9,337.4339877496405,0.33333320987658893
986,78,12,12,13,232.50376158890688,0.5416664409723163
987,84,13,15,7,305.2767608918143,0.2499999107143176
988,76,11,11,12,289.52352158157277,0.5454542975207739
989,76,13,15,10,308.65749134569654,0.3571427295918823
990,80,8,9,17,259.7749263342277,0.9999994117650519
991,74,14,6,10,271.7828749936228,0.49999975000012503
992,81,12,15,11,298.69991942277323,0.40740725651583093
993,73,17,8,9,207.42538399108238,0.3599998560000576
994,78,11,13,7,195.8535781775055,0.2916665451389395
995,75,11,9,9,348.3563394950917,0.4499997750001125
996,75,12,10,12,207.24349071492364,0.5454542975207739
997,78,15,7,7,263.6582833770637,0.31818167355378474
998,72,17,13,6,280.23631291287234,0.19999993333335556
999,75,9,9,12,226.57713924682392,0.6666662962965021
1000,82,14,11,14,218.3197026029395,0.5599997760000897
